{
    "mse": 0.7704646589906351,
    "mae": 0.6743735077705826,
    "r2": 0.23020999082187765
}